{
  "sus304_temp": [
    300,
    400,
    500,
    600,
    700,
    800,
    900,
    1000,
    1100,
    1200,
    1300,
    1400,
    1500,
    1600
  ],
  "sus304_rho": [
    7894,
    7860,
    7823,
    7783,
    7742,
    7698,
    7652,
    7603,
    7552,
    7499,
    7444,
    7386,
    7326,
    7264
  ],
  "sus304_cp": [
    510.37092,
    523.76868,
    537.16644,
    550.5642,
    564.38064,
    577.7784,
    591.17616,
    604.57392,
    617.97168,
    631.78812,
    645.18588,
    658.58364,
    671.9814,
    685.79784
  ],
  "sus304_k": [
    12.97,
    14.59,
    16.2,
    17.82,
    19.44,
    21.06,
    22.67,
    24.29,
    25.91,
    27.53,
    29.14,
    30.76,
    32.38,
    34.0
  ],
  "rho_coeffs": [
    2.4509803921832465e-09,
    -0.00012202650290892733,
    -0.2605965847877014,
    7983.288461538448
  ],
  "cp_coeffs": [
    2.0092965857857302e-10,
    -3.426055709046039e-07,
    0.13492793577599277,
    469.85285976023886
  ],
  "k_coeffs": [
    4.799122446183406e-12,
    -8.182993477116119e-09,
    0.016176544533897493,
    8.117517482517492
  ],
  "polyval_test_temp": 498.15,
  "polyval_test_rho": 7823.493962874829,
  "test_temp_small": [
    [
      [
        300.0,
        400.0,
        500.0
      ],
      [
        600.0,
        700.0,
        800.0
      ],
      [
        900.0,
        1000.0,
        1100.0
      ]
    ],
    [
      [
        350.0,
        450.0,
        550.0
      ],
      [
        650.0,
        750.0,
        850.0
      ],
      [
        950.0,
        1050.0,
        1150.0
      ]
    ],
    [
      [
        375.0,
        475.0,
        575.0
      ],
      [
        675.0,
        775.0,
        875.0
      ],
      [
        975.0,
        1075.0,
        1175.0
      ]
    ]
  ],
  "cp_small": [
    [
      [
        510.3058310924369,
        523.7820766774403,
        537.2562924628314
      ],
      [
        550.7296840265618,
        564.203456946583,
        577.6788168008463
      ],
      [
        591.1569691673034,
        604.6391196239056,
        618.1264737486044
      ]
    ],
    [
      [
        517.0442829585121,
        530.5193629464654,
        543.9930159237822
      ],
      [
        557.4664474684141,
        570.9408631583124,
        584.4174685714287
      ],
      [
        597.8974692857144,
        611.382070879121,
        624.8724789295999
      ]
    ],
    [
      [
        520.4132526677918,
        533.8878628801531,
        547.3613474763657
      ],
      [
        560.8349120343812,
        574.309762132151,
        587.7871033476267
      ],
      [
        601.2681412587597,
        614.7540814435014,
        628.2461294798034
      ]
    ]
  ],
  "k_small": [
    [
      [
        12.969873949579846,
        14.587133160956707,
        16.204343891402733
      ],
      [
        17.8215349356526,
        19.438735088440993,
        21.055973144502577
      ],
      [
        22.67327789857204,
        24.290678145384053,
        25.908202679673295
      ]
    ],
    [
      [
        13.778511415055547,
        15.395742786625156,
        17.012940074631267
      ],
      [
        18.63013207380856,
        20.24734757889172,
        21.864615384615405
      ],
      [
        23.48196428571431,
        25.099423076923102,
        26.717020552976464
      ]
    ],
    [
      [
        14.18282402799408,
        15.800044179166438,
        17.417237445458973
      ],
      [
        19.034432621606356,
        20.651658502343267,
        22.268943882404383
      ],
      [
        23.886317556524382,
        25.50380831943794,
        27.121444965879736
      ]
    ]
  ],
  "single_temp_tests": {
    "300K": {
      "temp": 300.0,
      "cp": 510.3058310924369,
      "k": 12.969873949579846
    },
    "800K": {
      "temp": 800.0,
      "cp": 577.6788168008463,
      "k": 21.055973144502577
    },
    "1600K": {
      "temp": 1600.0,
      "cp": 685.6834946218494,
      "k": 33.99869747899163
    }
  }
}