{
  "problem_type": "adjoint_1D_simple",
  "grid": {
    "ni": 1,
    "nj": 1,
    "nk": 5,
    "dx": 0.001,
    "dy": 0.001,
    "dz": [
      0.0005,
      0.0005,
      0.0005,
      0.0005,
      0.0005
    ]
  },
  "z_coords": {
    "faces": [
      0.0,
      0.0005,
      0.001,
      0.0015,
      0.002,
      0.0025
    ],
    "centers": [
      0.00025,
      0.00075,
      0.00125,
      0.00175,
      0.0022500000000000003
    ],
    "dz_b": [
      Infinity,
      0.0005,
      0.0005,
      0.0005,
      0.0005
    ],
    "dz_t": [
      0.0005,
      0.0005,
      0.0005,
      0.0005,
      Infinity
    ]
  },
  "properties": {
    "rho": 8000.0,
    "cp_coeffs": [
      0.0,
      0.0,
      0.0,
      500.0
    ],
    "k_coeffs": [
      0.0,
      0.0,
      0.0,
      15.0
    ]
  },
  "boundary": {
    "q_surface": 1000.0,
    "T0": 300.0,
    "noise_level": 0.1
  },
  "time": {
    "nt": 11,
    "dt": 0.1
  },
  "T_initial": [
    [
      [
        300.0,
        300.0,
        300.0,
        300.0,
        300.0
      ]
    ]
  ],
  "T_cal": [
    [
      [
        [
          300.0,
          300.0,
          300.0,
          300.0,
          300.0
        ]
      ]
    ],
    [
      [
        [
          300.0016537362189,
          300.00275622703145,
          300.0056962025316,
          300.0124336463862,
          300.02746018783176
        ]
      ]
    ],
    [
      [
        [
          300.005489945063,
          300.0080474176258,
          300.01413235058476,
          300.0258413822459,
          300.04648890448016
        ]
      ]
    ],
    [
      [
        [
          300.01124212622415,
          300.015076913665,
          300.0235980317986,
          300.03842960407474,
          300.06165332423694
        ]
      ]
    ],
    [
      [
        [
          300.01842313878257,
          300.0232104804882,
          300.03342020007597,
          300.0501780318487,
          300.0747681488039
        ]
      ]
    ],
    [
      [
        [
          300.02658995281894,
          300.03203449550995,
          300.04336171488205,
          300.06131661079166,
          300.08669722599655
        ]
      ]
    ],
    [
      [
        [
          300.0354106290411,
          300.0412910798559,
          300.0533425869013,
          300.0720480086262,
          300.0979076955744
        ]
      ]
    ],
    [
      [
        [
          300.0446562474251,
          300.05081999301444,
          300.06333634737604,
          300.0825152087209,
          300.1086722034623
        ]
      ]
    ],
    [
      [
        [
          300.05417512090986,
          300.06052103656634,
          300.07333431459074,
          300.0928129040918,
          300.11915662383996
        ]
      ]
    ],
    [
      [
        [
          300.06386874285295,
          300.07033115748163,
          300.0833336527207,
          300.1030023733795,
          300.1294640735638
        ]
      ]
    ],
    [
      [
        [
          300.07367379890457,
          300.0802105029391,
          300.09333343727855,
          300.11312289465667,
          300.1396593662195
        ]
      ]
    ]
  ],
  "Y_obs": [
    [
      [
        300.04967141530113
      ]
    ],
    [
      [
        299.9878273061018
      ]
    ],
    [
      [
        300.07025879887306
      ]
    ],
    [
      [
        300.16354511186495
      ]
    ],
    [
      [
        299.99500780131024
      ]
    ],
    [
      [
        300.00317625712404
      ]
    ],
    [
      [
        300.19333191059184
      ]
    ],
    [
      [
        300.1213997203404
      ]
    ],
    [
      [
        300.00722768231634
      ]
    ],
    [
      [
        300.11812474721154
      ]
    ],
    [
      [
        300.0273320296233
      ]
    ]
  ],
  "lambda_all": [
    [
      [
        [
          -1.2224994995335517e-05,
          -1.0077579740004763e-05,
          -8.45492342422455e-06,
          -7.31844381222605e-06,
          -6.730169198082558e-06
        ]
      ]
    ],
    [
      [
        [
          -1.0478976348218252e-05,
          -9.290441330678961e-06,
          -7.725658368551977e-06,
          -6.49613631544354e-06,
          -5.84775727686732e-06
        ]
      ]
    ],
    [
      [
        [
          -1.3644421886236392e-05,
          -9.854813247560496e-06,
          -7.222767005024163e-06,
          -5.624421793645215e-06,
          -4.875188719002991e-06
        ]
      ]
    ],
    [
      [
        [
          -1.2851949463245131e-05,
          -8.118469653351151e-06,
          -5.672215458288084e-06,
          -4.350753588540133e-06,
          -3.751339107039656e-06
        ]
      ]
    ],
    [
      [
        [
          -4.721870614005954e-06,
          -4.687631231104771e-06,
          -3.985026970315415e-06,
          -3.2676825061689233e-06,
          -2.852217384788941e-06
        ]
      ]
    ],
    [
      [
        [
          -7.114763435590646e-06,
          -5.690178547937031e-06,
          -4.007137275351118e-06,
          -2.814863492019161e-06,
          -2.2290197027189674e-06
        ]
      ]
    ],
    [
      [
        [
          -1.1593010336560942e-05,
          -6.077863125335478e-06,
          -3.270986041470188e-06,
          -1.905218500971516e-06,
          -1.3502540187686766e-06
        ]
      ]
    ],
    [
      [
        [
          -4.07360299832638e-06,
          -2.015457934295221e-06,
          -1.1093217264202613e-06,
          -6.890139135277689e-07,
          -5.178072954644172e-07
        ]
      ]
    ],
    [
      [
        [
          5.135266971537111e-07,
          -2.8744465006092286e-07,
          -3.805791339465609e-07,
          -3.1536212128405854e-07,
          -2.6099736836938943e-07
        ]
      ]
    ],
    [
      [
        [
          -2.9797601413763397e-06,
          -1.3491999450544166e-06,
          -6.181063787687721e-07,
          -2.990837316623091e-07,
          -1.7945023899738542e-07
        ]
      ]
    ],
    [
      [
        [
          0.0,
          0.0,
          0.0,
          0.0,
          0.0
        ]
      ]
    ]
  ],
  "dhcp_iters": [
    5,
    5,
    5,
    5,
    5,
    5,
    5,
    5,
    5,
    5
  ],
  "adjoint_iters": [
    5,
    5,
    5,
    5,
    5,
    5,
    5,
    5,
    5,
    5
  ],
  "stats": {
    "T_min": 300.0,
    "T_max": 300.1396593662195,
    "residual_min": -0.1579212815507276,
    "residual_max": 0.04694743859352002,
    "lambda_min": -1.3644421886236392e-05,
    "lambda_max": 5.135266971537111e-07,
    "dhcp_cg_mean": 5.0,
    "adjoint_cg_mean": 5.0
  }
}