{
  "problem_type": "manufactured_1D_steady",
  "grid": {
    "ni": 1,
    "nj": 1,
    "nk": 10,
    "dx": 0.001,
    "dy": 0.001,
    "dz": [
      0.0005,
      0.0005,
      0.0005,
      0.0005,
      0.0005,
      0.0005,
      0.0005,
      0.0005,
      0.0005000000000000004,
      0.0004999999999999996
    ]
  },
  "z_coords": {
    "faces": [
      0.0,
      0.0005,
      0.001,
      0.0015,
      0.002,
      0.0025,
      0.003,
      0.0035,
      0.004,
      0.0045000000000000005,
      0.005
    ],
    "centers": [
      0.00025,
      0.00075,
      0.00125,
      0.00175,
      0.0022500000000000003,
      0.00275,
      0.0032500000000000003,
      0.00375,
      0.00425,
      0.004750000000000001
    ],
    "dz_b": [
      Infinity,
      0.0005,
      0.0005,
      0.0005,
      0.0005,
      0.0005,
      0.0005,
      0.0005,
      0.0005,
      0.0005
    ],
    "dz_t": [
      0.0005,
      0.0005,
      0.0005,
      0.0005,
      0.0005,
      0.0005,
      0.0005,
      0.0005,
      0.0005,
      Infinity
    ]
  },
  "properties": {
    "rho": 8000.0,
    "cp_coeffs": [
      500.0,
      0.0,
      0.0,
      0.0
    ],
    "k_coeffs": [
      15.0,
      0.0,
      0.0,
      0.0
    ]
  },
  "boundary": {
    "q_surface": 1000.0,
    "T0": 300.0
  },
  "time": {
    "nt": 11,
    "dt": 0.1
  },
  "T_initial": [
    [
      [
        300.5,
        301.5,
        302.5,
        303.5,
        304.5,
        305.5,
        306.5,
        307.5,
        308.5,
        309.5
      ]
    ]
  ],
  "T_all": [
    [
      [
        [
          300.5,
          301.5,
          302.5,
          303.5,
          304.5,
          305.5,
          306.5,
          307.5,
          308.5,
          309.5
        ]
      ]
    ],
    [
      [
        [
          301.32197731785163,
          301.86996219641946,
          302.664588539267,
          303.5689405749592,
          304.51925299395765,
          305.48240074226123,
          306.43381565207216,
          307.34110766326455,
          308.14247144996676,
          308.70548286998
        ]
      ]
    ],
    [
      [
        [
          301.8851448620325,
          302.26058989148646,
          302.8964533843184,
          303.6868934405179,
          304.5559687404234,
          305.4495212046394,
          306.3211539771076,
          307.1176789662663,
          307.7652514907594,
          308.1613440424476
        ]
      ]
    ],
    [
      [
        [
          302.32146638273946,
          302.6123473965441,
          303.13773341372064,
          303.82397278383206,
          304.60159838281953,
          305.40964374340433,
          306.1911041298326,
          306.8858646180778,
          307.42608220753056,
          307.74018694149726
        ]
      ]
    ],
    [
      [
        [
          302.6807417950758,
          302.92025873663323,
          303.36504990491693,
          303.96138540066477,
          304.6493293076346,
          305.3690938311478,
          306.06182507982305,
          306.6683702951588,
          307.1299192952152,
          307.3940263537281
        ]
      ]
    ],
    [
      [
        [
          302.98551474666255,
          303.1886967143871,
          303.5708373339475,
          304.0901695728616,
          304.6953579265736,
          305.33123202624495,
          305.94186492264805,
          306.4725243809343,
          306.87261989640444,
          307.10118247933383
        ]
      ]
    ],
    [
      [
        [
          303.24792289208125,
          303.42286165569357,
          303.7539103801771,
          304.2070078021469,
          304.7379973769736,
          305.29741325206703,
          305.83428327770866,
          306.29943220672396,
          306.6491863529326,
          306.8499848034931
        ]
      ]
    ],
    [
      [
        [
          303.4755923723256,
          303.6273720258218,
          303.91549192607016,
          304.3113328569141,
          304.7767238242694,
          305.2679324231553,
          305.7394871361,
          306.1478444213056,
          306.45514318289906,
          306.63307983113674
        ]
      ]
    ],
    [
      [
        [
          303.67393971206934,
          303.80617127189856,
          304.05760232911206,
          304.4037736550204,
          304.8115721796662,
          305.24260294124326,
          305.65674738154553,
          306.01573198547845,
          306.2866416321932,
          306.4452169117706
        ]
      ]
    ],
    [
      [
        [
          303.8471543940618,
          303.96263084872356,
          304.18241368793537,
          304.4854040996959,
          304.8428148079072,
          305.2210539349454,
          305.58492705778525,
          305.90091996478503,
          306.14037152465585,
          306.28230967950174
        ]
      ]
    ],
    [
      [
        [
          303.99865311612416,
          304.09965226416585,
          304.2919990225023,
          304.5574026705503,
          304.8708053658343,
          305.2028684330699,
          305.5228078323885,
          305.8013344147759,
          306.0134706304906,
          306.1410062500951
        ]
      ]
    ]
  ],
  "T_analytical": [
    300.01666666666665,
    300.05,
    300.0833333333333,
    300.1166666666667,
    300.15,
    300.18333333333334,
    300.21666666666664,
    300.25,
    300.28333333333336,
    300.31666666666666
  ],
  "cg_iters": [
    10,
    10,
    10,
    10,
    10,
    10,
    10,
    10,
    10,
    10
  ],
  "error": {
    "max": 5.8243395834284115,
    "mean": 4.883333333333025,
    "max_rel": 0.01939399384015232
  }
}