{
  "problem": {
    "ni": 2,
    "nj": 2,
    "nk": 3,
    "nt": 14,
    "dx": 0.001,
    "dy": 0.001,
    "dz": [
      0.0008,
      0.001,
      0.001
    ],
    "dz_b": [
      0.0004,
      0.0009,
      0.001
    ],
    "dz_t": [
      0.0009,
      0.001,
      0.0005
    ],
    "dt": 0.01,
    "rho": 7900.0,
    "cp_coeffs": [
      0.0,
      0.0,
      0.0,
      500.0
    ],
    "k_coeffs": [
      0.0,
      0.0,
      0.0,
      15.0
    ],
    "sigma_noise": 1.2
  },
  "sliding_window": {
    "window_size": 6,
    "overlap": 2,
    "q_init_value": 500.0,
    "CGM_iteration": 10
  },
  "input": {
    "T_init": [
      [
        [
          300.0,
          300.0,
          300.0
        ],
        [
          300.0,
          300.0,
          300.0
        ]
      ],
      [
        [
          300.0,
          300.0,
          300.0
        ],
        [
          300.0,
          300.0,
          300.0
        ]
      ]
    ],
    "Y_obs": [
      [
        [
          298.69724327603933,
          301.19681453590033
        ],
        [
          300.3395741976624,
          298.1924463432983
        ]
      ],
      [
        [
          299.30568074545084,
          301.9817248923297
        ],
        [
          297.08798595574143,
          299.4853058931856
        ]
      ],
      [
        [
          301.51912555700903,
          298.9599135638442
        ],
        [
          299.1853386646159,
          299.886351283838
        ]
      ],
      [
        [
          301.78967152984154,
          299.23332158247075
        ],
        [
          299.467225626917,
          299.47878244775
        ]
      ],
      [
        [
          302.64712385769326,
          302.62415106519114
        ],
        [
          301.2048724358773,
          300.4634314374324
        ]
      ],
      [
        [
          300.8848564525884,
          301.78889259529376
        ],
        [
          298.87701351942997,
          301.4110090152513
        ]
      ],
      [
        [
          298.4953670377174,
          299.2347220360721
        ],
        [
          301.08855007397653,
          298.285606998745
        ]
      ],
      [
        [
          299.8319547331449,
          298.96593132233966
        ],
        [
          299.69329395273456,
          296.64173027081836
        ]
      ],
      [
        [
          297.87421501502064,
          299.1602020589149
        ],
        [
          301.1130096585427,
          299.79169192108407
        ]
      ],
      [
        [
          300.0034940613897,
          300.82594621563624
        ],
        [
          298.9446353507026,
          300.3404317508822
        ]
      ],
      [
        [
          299.03367214593766,
          297.92690857467164
        ],
        [
          299.53103221511026,
          300.68867900250245
        ]
      ],
      [
        [
          300.4064623769594,
          299.985958922385
        ],
        [
          302.87099383488487,
          300.4956501081302
        ]
      ],
      [
        [
          301.1746942681967,
          302.68598306726943
        ],
        [
          298.44730867327837,
          298.7536652088259
        ]
      ],
      [
        [
          302.09273445912834,
          299.04260450669153
        ],
        [
          300.03589966534486,
          301.28345895229006
        ]
      ]
    ],
    "q_true": [
      [
        [
          243.11673443421424,
          243.11673443421424
        ],
        [
          243.11673443421424,
          243.11673443421424
        ]
      ],
      [
        [
          243.11673443421424,
          243.11673443421424
        ],
        [
          243.11673443421424,
          243.11673443421424
        ]
      ],
      [
        [
          243.11673443421424,
          243.11673443421424
        ],
        [
          243.11673443421424,
          243.11673443421424
        ]
      ],
      [
        [
          243.11673443421424,
          243.11673443421424
        ],
        [
          243.11673443421424,
          243.11673443421424
        ]
      ],
      [
        [
          243.11673443421424,
          243.11673443421424
        ],
        [
          243.11673443421424,
          243.11673443421424
        ]
      ],
      [
        [
          243.11673443421424,
          243.11673443421424
        ],
        [
          243.11673443421424,
          243.11673443421424
        ]
      ],
      [
        [
          729.3502033026427,
          729.3502033026427
        ],
        [
          729.3502033026427,
          729.3502033026427
        ]
      ],
      [
        [
          729.3502033026427,
          729.3502033026427
        ],
        [
          729.3502033026427,
          729.3502033026427
        ]
      ],
      [
        [
          729.3502033026427,
          729.3502033026427
        ],
        [
          729.3502033026427,
          729.3502033026427
        ]
      ],
      [
        [
          729.3502033026427,
          729.3502033026427
        ],
        [
          729.3502033026427,
          729.3502033026427
        ]
      ],
      [
        [
          729.3502033026427,
          729.3502033026427
        ],
        [
          729.3502033026427,
          729.3502033026427
        ]
      ],
      [
        [
          729.3502033026427,
          729.3502033026427
        ],
        [
          729.3502033026427,
          729.3502033026427
        ]
      ],
      [
        [
          729.3502033026427,
          729.3502033026427
        ],
        [
          729.3502033026427,
          729.3502033026427
        ]
      ]
    ]
  },
  "output": {
    "q_global": [
      [
        [
          500.0000000898501,
          500.00000007938013
        ],
        [
          500.00000001720423,
          499.9999999976035
        ]
      ],
      [
        [
          500.0000000485551,
          500.00000004882054
        ],
        [
          500.0000000190829,
          499.99999999424006
        ]
      ],
      [
        [
          500.0000000143524,
          500.0000000271956
        ],
        [
          500.0000000126761,
          499.99999999074305
        ]
      ],
      [
        [
          499.99999999495117,
          500.0000000081735
        ],
        [
          500.0000000067115,
          499.9999999890463
        ]
      ],
      [
        [
          749.9999995483095,
          749.9999995964015
        ],
        [
          749.9999998206365,
          749.9999997659145
        ]
      ],
      [
        [
          749.9999996930319,
          749.9999997141504
        ],
        [
          749.9999998810267,
          749.9999998841386
        ]
      ],
      [
        [
          499.99999981620476,
          499.99999982474264
        ],
        [
          499.9999999188037,
          499.99999997592
        ]
      ],
      [
        [
          499.9999999000795,
          499.9999998981758
        ],
        [
          499.99999995257326,
          500.00000001293927
        ]
      ],
      [
        [
          750.0000000472824,
          749.9999999660798
        ],
        [
          749.9999999974532,
          750.0000000508749
        ]
      ],
      [
        [
          750.0000000537108,
          749.9999999939797
        ],
        [
          750.0000000149666,
          750.0000000228107
        ]
      ],
      [
        [
          500.00000003361436,
          499.99999999359545
        ],
        [
          500.0000000031389,
          500.0000000127267
        ]
      ],
      [
        [
          750.0000000109505,
          749.9999999677385
        ],
        [
          749.9999999936563,
          750.0000000104325
        ]
      ],
      [
        [
          874.999999981771,
          874.9999999493297
        ],
        [
          874.9999999969161,
          875.00000000619
        ]
      ]
    ],
    "n_windows": 5,