{
  "problem": {
    "ni": 1,
    "nj": 1,
    "nk": 3,
    "nt": 16,
    "dx": 0.001,
    "dy": 0.001,
    "dz": [
      0.001,
      0.001,
      0.001
    ],
    "dz_b": [
      0.0005,
      0.001,
      0.001
    ],
    "dz_t": [
      0.001,
      0.001,
      0.0005
    ],
    "dt": 0.01,
    "rho": 7900.0,
    "cp_coeffs": [
      0.0,
      0.0,
      0.0,
      500.0
    ],
    "k_coeffs": [
      0.0,
      0.0,
      0.0,
      15.0
    ],
    "sigma_noise": 1.0
  },
  "sliding_window": {
    "window_size": 10,
    "overlap": 3,
    "q_init_value": 0.0,
    "CGM_iteration": 10
  },
  "input": {
    "T_init": [
      [
        [
          300.0,
          300.0,
          300.0
        ]
      ]
    ],
    "Y_obs": [
      [
        [
          300.4967141530112
        ]
      ],
      [
        [
          299.86173569880384
        ]
      ],
      [
        [
          300.6476917021574
        ]
      ],
      [
        [
          301.5230390267998
        ]
      ],
      [
        [
          299.7658680593925
        ]
      ],
      [
        [
          299.7659065811678
        ]
      ],
      [
        [
          301.57929201132714
        ]
      ],
      [
        [
          300.7675669481706
        ]
      ],
      [
        [
          299.53073210398475
        ]
      ],
      [
        [
          300.54286598040613
        ]
      ],
      [
        [
          299.5370168201229
        ]
      ],
      [
        [
          299.53486642445876
        ]
      ],
      [
        [
          300.2427571540702
        ]
      ],
      [
        [
          298.0877543090245
        ]
      ],
      [
        [
          298.2764012515091
        ]
      ],
      [
        [
          299.43936479181843
        ]
      ]
    ],
    "q_true": [
      [
        [
          1000.0
        ]
      ],
      [
        [
          1200.0
        ]
      ],
      [
        [
          1400.0
        ]
      ],
      [
        [
          1600.0
        ]
      ],
      [
        [
          1800.0
        ]
      ],
      [
        [
          2000.0
        ]
      ],
      [
        [
          2200.0
        ]
      ],
      [
        [
          2400.0
        ]
      ],
      [
        [
          2600.0
        ]
      ],
      [
        [
          2800.0
        ]
      ],
      [
        [
          3000.0
        ]
      ],
      [
        [
          3200.0
        ]
      ],
      [
        [
          3400.0
        ]
      ],
      [
        [
          3600.0
        ]
      ],
      [
        [
          3800.0
        ]
      ]
    ]
  },
  "output": {
    "q_global": [
      [
        [
          9.442517999299969e-08
        ]
      ],
      [
        [
          6.360631287813097e-08
        ]
      ],
      [
        [
          3.8541336847629095e-08
        ]
      ],
      [
        [
          2.0663320984012393e-08
        ]
      ],
      [
        [
          9.17807914336915e-09
        ]
      ],
      [
        [
          4.444073264473791e-10
        ]
      ],
      [
        [
          -4.34912897764501e-09
        ]
      ],
      [
        [
          -1.6678787784646861e-06
        ]
      ],
      [
        [
          -1.2783065395388525e-06
        ]
      ],
      [
        [
          -9.321913494707979e-07
        ]
      ],
      [
        [
          -6.263399368004683e-07
        ]
      ],
      [
        [
          -3.804189770677168e-07
        ]
      ],
      [
        [
          -2.919729075001434e-07
        ]
      ],
      [
        [
          -1.1607412471424248e-07
        ]
      ],
      [
        [
          -2.288974958414293e-08
        ]
      ]
    ],
    "n_windows": 5,
    "windows_info": [
      {
        "window_id": 1,
        "start_idx": 0,
        "end_idx": 10,
        "max_L": 10,
        "n_iterations": 10,
        "J_final": 6.680478462264822,
        "q_win_shape": [
          10,
          1,
          1
        ],
        "overlap_steps": 0
      },
      {
        "window_id": 2,
        "start_idx": 7,
        "end_idx": 15,
        "max_L": 8,
        "n_iterations": 10,
        "J_final": 7.946337599816536,
        "q_win_shape": [
          8,
          1,
          1
        ],
        "overlap_steps": 3
      },
      {
        "window_id": 3,
        "start_idx": 12,
        "end_idx": 15,
        "max_L": 3,
        "n_iterations": 10,
        "J_final": 6.941788065106016,
        "q_win_shape": [
          3,
          1,
          1
        ],
        "overlap_steps": 3
      },
      {
        "window_id": 4,
        "start_idx": 13,
        "end_idx": 15,
        "max_L": 2,
        "n_iterations": 10,
        "J_final": 3.285104482451568,
        "q_win_shape": [
          2,
          1,
          1
        ],
        "overlap_steps": 2
      },
      {
        "window_id": 5,
        "start_idx": 14,
        "end_idx": 15,
        "max_L": 1,
        "n_iterations": 10,
        "J_final": 0.3143118366525964,
        "q_win_shape": [
          1,
          1,
          1
        ],
        "overlap_steps": 1
      }
    ]
  }
}