{
  "problem": {
    "ni": 1,
    "nj": 1,
    "nk": 3,
    "nt": 6,
    "dx": 0.001,
    "dy": 0.001,
    "dz": [
      0.001,
      0.001,
      0.001
    ],
    "dz_b": [
      0.0005,
      0.001,
      0.001
    ],
    "dz_t": [
      0.001,
      0.001,
      0.0005
    ],
    "dt": 0.01,
    "rho": 7900.0,
    "cp_coeffs": [
      0.0,
      0.0,
      0.0,
      500.0
    ],
    "k_coeffs": [
      0.0,
      0.0,
      0.0,
      15.0
    ],
    "sigma_noise": 1.0
  },
  "input": {
    "T_init": [
      [
        [
          300.0,
          300.0,
          300.0
        ]
      ]
    ],
    "Y_obs": [
      [
        [
          300.4967141530112
        ]
      ],
      [
        [
          299.86173569882874
        ]
      ],
      [
        [
          300.6476885381006
        ]
      ],
      [
        [
          301.52302985640796
        ]
      ],
      [
        [
          299.7658559357484
        ]
      ],
      [
        [
          299.76590502010833
        ]
      ]
    ],
    "q_init": [
      [
        [
          0.0
        ]
      ],
      [
        [
          0.0
        ]
      ],
      [
        [
          0.0
        ]
      ],
      [
        [
          0.0
        ]
      ],
      [
        [
          0.0
        ]
      ]
    ],
    "q_true": [
      [
        [
          0.0
        ]
      ],
      [
        [
          2938.926261462366
        ]
      ],
      [
        [
          4755.282581475768
        ]
      ],
      [
        [
          4755.282581475768
        ]
      ],
      [
        [
          2938.9262614623663
        ]
      ]
    ]
  },
  "output": {
    "q_final": [
      [
        [
          1.9046413535418e-10
        ]
      ],
      [
        [
          6.344306606192998e-11
        ]
      ],
      [
        [
          -1.592772045415042e-11
        ]
      ],
      [
        [
          -3.3870472032812073e-11
        ]
      ],
      [
        [
          -8.771662278374595e-12
        ]
      ]
    ],
    "T_cal_final": [
      [
        [
          [
            300.0,
            300.0,
            300.0
          ]
        ]
      ],
      [
        [
          [
            299.99999999999994,
            299.99999999999994,
            299.99999999999994
          ]
        ]
      ],
      [
        [
          [
            299.99999999999994,
            299.99999999999994,
            299.99999999999994
          ]
        ]
      ],
      [
        [
          [
            299.99999999999994,
            299.99999999999994,
            299.99999999999994
          ]
        ]
      ],
      [
        [
          [
            299.99999999999994,
            299.99999999999994,
            299.99999999999994
          ]
        ]
      ],
      [
        [
          [
            299.99999999999994,
            299.99999999999994,
            299.99999999999994
          ]
        ]
      ]
    ],
    "J_hist": [
      2.8678613053102677,
      2.8678613053102677,
      2.8678613053102677,
      2.8678613053102677,
      2.8678613053102677,
      2.8678613053102677,
      2.8678613053102677,
      2.8678613053102677,
      2.8678613053102677,
      2.8678613053102677,
      2.8678613053102677
    ],
    "n_iterations": 11
  },
  "history": {
    "beta_hist": [
      0.0005933499593691325,
      0.0005933499593691325,
      0.0005933499593691325,
      0.0005933499593691325,
      0.0005933499593691325,
      0.0005933499593691325,
      0.0005933499593691325,
      0.0005933499593691325,
      0.0005933499593691325,
      0.0005933499593691325
    ],
    "gamma_hist": [
      0,
      0,
      0,
      0,
      0,
      0,
      0,
      0,
      0,
      0
    ],
    "q_hist_first": [
      [
        [
          1.9046413535417996e-11
        ]
      ],
      [
        [
          6.3443066061929976e-12
        ]
      ],
      [
        [
          -1.5927720454150417e-12
        ]
      ],
      [
        [
          -3.3870472032812064e-12
        ]
      ],
      [
        [
          -8.771662278374594e-13
        ]
      ]
    ],
    "q_hist_last": [
      [
        [
          1.9046413535418e-10
        ]
      ],
      [
        [
          6.344306606192998e-11
        ]
      ],
      [
        [
          -1.592772045415042e-11
        ]
      ],
      [
        [
          -3.3870472032812073e-11
        ]
      ],
      [
        [
          -8.771662278374595e-12
        ]
      ]
    ],
    "gradient_hist_first": [
      [
        [
          -3.20997974882626e-08
        ]
      ],
      [
        [
          -1.0692351968707397e-08
        ]
      ],
      [
        [
          2.684372047667324e-09
        ]
      ],
      [
        [
          5.7083465664721995e-09
        ]
      ],
      [
        [
          1.478328622066628e-09
        ]
      ]
    ],
    "gradient_hist_last": [
      [
        [
          -3.20997974882626e-08
        ]
      ],
      [
        [
          -1.0692351968707397e-08
        ]
      ],
      [
        [
          2.684372047667324e-09
        ]
      ],
      [
        [
          5.7083465664721995e-09
        ]
      ],
      [
        [
          1.478328622066628e-09
        ]
      ]
    ]
  }
}